model,weight
rf,0.20425970190881632
gb,0.20302890277615956
ridge,0.19199967150990943
xgb,0.20255131040627805
lgbm,0.19816041339883664
