year,mean,std
2020,136.04326947697672,33.40792472727175
2021,190.66048259280717,54.42051617152826
2022,313.06637226824677,84.44357261849406
2024,272.7074907706937,100.76373782910927
